Force,Dissoс_Time_Tau
250,1.486313322924282
263,4.035113289354248
275,2.643564323810544
288,1.91280309490238
300,1.260575985538972
313,1.154425730052014
