Force,Dissoc_Time_Tau
250,1.486313322924282
263,4.035113289354248
275,2.643564323810544
288,1.91280309490238
300,1.260575985538972
313,1.154425730052014
325,0.796672034483031
338,0.435022146092382
350,0.545289485866198
363,0.202896923794309
375,0.152869544712381
388,0.135837407390435
